0	33
0	69
0	170
0	120
0	0
0	7
0	121
0	38
0	111
0	16
0	167
0	87
0	182
0	57
0	73
0	58
0	135
0	194
0	56
0	115
1	209
1	204
2	228
2	192
3	317
3	237
3	309
3	263
3	34
3	270
3	328
3	80
3	277
3	282
3	48
3	178
3	283
4	26
4	341
5	417
5	439
5	379
5	383
5	451
5	46
5	350
5	353
5	345
5	373
5	389
5	400
5	361
5	374
6	488
6	501
6	473
6	498
6	479
6	495
6	462
7	28
7	4
8	525
8	71
9	565
9	553
9	204
9	479
9	531
10	462
10	570
10	416
10	584
11	591
11	595
12	319
12	317
13	404
13	405
14	633
14	638
14	630
14	616
14	474
14	644
15	469
15	651
15	463
15	674
15	662
16	28
16	16
16	624
16	444
16	26
16	684
16	693
16	676
17	741
17	324
17	196
17	760
17	831
17	497
17	757
17	730
17	94
17	63
17	706
17	9
17	204
17	605
17	464
17	810
17	721
17	487
17	254
17	518
17	35
17	846
17	762
17	84
17	751
17	809
17	836
18	883
18	884
18	871
18	70
18	69
18	881
18	888
18	255
18	293
18	863
19	482
19	903
19	939
19	888
19	911
19	17
19	317
19	53
19	390
19	904
19	908
19	896
20	947
20	413
20	1009
20	619
20	518
20	98
20	162
20	959
20	958
20	990
20	955
20	960
20	980
20	137
21	10
21	654
21	1033
21	508
22	1048
22	1069
22	1061
22	685
22	482
23	112
23	208
23	731
23	725
23	1000
24	484
24	677
24	13
26	656
26	58
26	400
26	1104
26	1105
26	1106
26	333
26	159
27	111
27	1154
27	748
27	1079
27	87
27	1126
27	1143
27	1158
27	187
27	1142
27	864
28	674
28	203
28	1164
28	62
28	1166
28	1171
28	735
29	679
29	777
29	492
30	1187
30	71
30	73
30	370
31	607
31	1208
31	262
31	332
31	398
31	710
32	30
32	580
32	1234
32	266
32	1219
32	906
32	4
32	1214
32	613
32	873
33	1254
33	1262
33	196
33	1252
34	12
34	337
36	400
36	20
37	26
37	7
37	1270
38	75
38	126
38	168
38	137
38	679
38	297
38	1276
39	332
39	513
39	373
39	384
39	1296
39	339
40	59
40	343
40	1314
40	581
40	1316
40	1301
40	485
40	1000
40	735
41	1341
41	134
41	708
41	619
41	613
41	1400
41	1378
41	688
41	1297
41	1249
41	165
41	881
41	1113
41	584
41	1359
41	1336
41	54
41	1381
41	1343
41	1399
41	965
41	703
41	967
41	576
41	1393
41	682
42	262
42	18
42	1468
42	445
42	1444
42	419
42	895
42	1031
42	29
42	0
43	1473
43	369
44	589
44	1488
44	177
44	704
44	285
44	143
44	998
44	6
44	343
44	88
44	481
44	862
44	87
44	354
44	869
44	997
44	1405
44	4
44	53
44	1497
44	187
44	1164
44	151
44	47
44	495
44	906
44	489
45	460
45	26
45	0
46	715
46	1542
46	1546
47	864
47	477
48	1301
48	548
49	1034
49	855
49	1556
49	1557
50	616
50	1190
50	1
50	1577
50	1591
50	1639
50	1585
50	95
50	1584
50	1170
50	1415
50	1579
50	1303
50	703
50	521
50	1648
50	726
50	40
50	1165
50	1372
50	680
51	413
51	1689
51	756
51	1646
51	246
51	1681
51	769
51	1654
51	545
51	203
51	1671
52	1695
52	1116
55	1270
55	396
55	416
56	1733
56	958
56	0
56	160
56	1741
56	94
56	1401
56	857
56	465
56	256
56	57
56	704
56	297
56	862
56	1705
56	1710
56	13
56	1715
56	121
56	158
56	168
56	1411
56	1722
56	1724
57	614
57	246
57	17
57	402
57	1285
57	462
57	237
58	1760
58	1755
58	51
58	1762
58	1401
58	890
58	1759
58	1034
58	1761
60	1043
60	62
60	744
61	752
61	1151
61	704
61	947
61	56
61	671
61	666
61	639
61	1824
61	1124
61	1825
61	805
61	789
61	1830
61	759
61	1839
61	768
61	70
61	1840
61	1837
61	1089
61	1545
61	1003
61	1029
61	1814
61	748
61	1834
61	948
62	624
62	285
62	796
62	1021
62	478
62	1284
62	775
62	204
62	508
62	1777
62	1737
62	650
62	512
62	1857
62	1610
63	528
63	339
63	2
63	1909
63	1856
63	334
63	1918
63	1924
63	1463
63	1875
63	123
63	1894
63	1897
63	136
63	525
63	900
63	675
63	511
63	613
63	409
63	298
63	481
63	1895
63	1627
63	1880
63	1647
63	1725
64	760
64	1235
65	1759
65	1989
65	1961
65	354
65	1128
65	496
65	1937
65	584
65	1586
65	718
65	685
65	1943
65	197
65	616
65	1485
65	709
65	1944
65	1394
65	1503
65	1997
65	299
65	1991
65	1976
65	275
66	619
66	208
66	737
67	1508
67	462
67	943
67	1366
67	475
67	1779
67	1246
67	2062
67	413
67	210
67	725
67	1902
67	2091
67	803
67	1077
67	775
67	1206
67	484
67	590
67	585
67	931
67	2095
67	2061
67	258
67	2035
67	477
67	1405
67	2038
67	2036
67	782
67	168
67	2056
67	2019
67	875
67	2053
68	339
68	13
68	685
68	4
69	2112
69	2118
69	1583
69	1700
69	1162
69	499
70	451
70	363
71	671
71	587
71	16
72	201
72	2101
72	1185
72	1181
72	1013
72	803
72	820
72	819
72	2140
72	2131
72	990
72	2125
73	77
73	2170
73	1144
73	268
73	659
73	2193
73	1535
73	2157
73	735
73	522
73	1752
73	517
73	682
73	2176
74	2203
74	728
74	467
74	254
75	60
75	136
75	1146
75	775
75	626
76	501
76	61
77	1483
77	96
78	712
78	2219
78	57
78	129
78	1396
79	2239
79	462
79	1123
79	2259
79	186
79	761
79	1190
79	864
79	28
79	2238
79	1149
79	968
79	201
79	209
79	2235
81	1304
81	2266
81	479
81	518
81	679
81	96
81	734
81	371
82	1696
82	100
82	208
82	187
83	1275
83	251
83	340
83	4
83	2295
83	2299
83	334
83	2300
83	513
83	903
83	1205
83	1189
83	61
83	1269
83	2298
83	2302
83	1338
84	587
84	1054
85	70
85	2321
85	204
85	479
85	20
87	204
87	201
87	484
87	317
88	2538
88	2511
88	2457
88	477
88	2352
88	463
88	1013
88	2371
88	2365
88	2449
88	2448
88	2479
88	2490
88	2417
88	2425
88	1299
88	2504
88	2540
88	2322
88	2539
88	1004
88	2410
88	2439
88	2398
88	1313
89	2561
89	2550
89	2562
89	1189
90	286
90	1277
90	409
90	100
90	27
90	463
90	616
90	268
90	1583
90	61
90	2577
90	487
90	332
90	1124
90	1257
90	201
90	70
90	160
90	123
90	1659
90	149
90	194
90	884
90	2613
91	2065
91	1093
92	912
92	416
92	2629
92	24
92	119
92	462
92	2631
92	15
92	2627
93	6
93	339
94	191
94	68
94	730
94	354
94	1883
94	1770
94	2636
94	731
94	1051
94	1520
94	908
94	614
94	725
95	2639
95	339
95	422
95	22
95	75
96	2658
96	1301
96	1251
97	827
97	2663
97	2665
97	0
97	208
97	253
98	1445
98	27
98	11
99	1642
99	1902
99	428
99	988
99	251
99	2320
99	2685
99	1403
99	2304
99	737
99	2673
100	2206
100	61
100	151
100	2688
101	427
101	513
102	806
102	28
102	100
102	682
102	525
102	1539
102	693
102	2310
102	874
102	170
102	394
102	579
102	720
102	333
102	1092
102	556
102	2156
102	2704
102	688
102	2714
102	349
102	660
102	163
102	1642
103	343
103	2061
103	2734
103	1798
103	805
103	885
103	987
103	1656
103	2741
103	149
103	653
103	2742
103	475
104	493
104	2816
104	2856
104	2813
104	937
104	1003
104	1301
104	2966
104	2776
104	624
104	2747
104	763
104	35
104	661
104	1325
104	2773
104	1562
104	2946
104	2839
104	2823
104	1214
104	286
104	492
104	1673
104	2975
104	2957
104	2806
104	992
104	982
104	2934
104	2805
104	1213
104	2972
104	986
104	70
104	2853
104	2871
104	2842
104	1807
104	2925
104	2760
104	636
104	2135
104	63
104	2984
104	2136
104	2847
104	2932
104	2323
104	2774
104	2756
104	2875
104	2929
104	707
104	968
105	402
105	1802
106	396
106	608
107	1074
107	3001
107	2998
107	2993
107	671
108	27
108	704
108	347
109	60
109	30
109	664
110	200
110	3092
110	3114
110	3039
110	1547
110	3052
110	3024
110	3074
110	204
110	3091
110	1020
110	1521
110	3111
110	3095
110	3124
110	3105
110	3121
110	3108
110	213
110	3057
110	483
110	1260
110	502
110	1902
110	3068
111	610
111	139
111	1475
111	349
112	3150
112	434
112	28
112	658
112	2117
112	1765
112	155
112	724
112	48
114	27
114	2014
114	1355
114	621
114	958
114	3165
114	2580
115	901
115	96
115	21
115	187
116	901
116	353
116	346
116	246
116	396
116	28
117	30
117	1113
118	208
118	480
118	477
118	87
118	1142
118	955
118	2924
118	3196
118	980
118	3206
118	815
118	1342
118	790
118	1184
118	3180
118	3187
118	213
118	204
120	703
120	339
121	2082
121	545
121	1054
121	204
121	27
121	1669
121	1276
121	460
121	699
121	1045
121	1729
121	3046
121	1151
121	1680
121	3219
121	1302
121	56
121	2715
121	2190
121	1147
121	3226
121	285
121	677
121	767
121	1701
121	1235
121	2699
122	777
122	1156
122	632
122	3
123	733
123	80
123	339
123	572
124	307
124	3286
124	3298
124	3300
124	996
124	765
124	843
124	339
124	1186
124	670
124	2557
124	3242
124	3237
124	205
124	1323
124	1654
124	1273
124	1818
124	2955
124	149
124	2791
124	841
124	998
125	460
125	20
127	30
127	58
127	580
128	490
128	300
128	937
128	747
128	488
128	864
128	1043
128	892
128	666
130	693
130	204
130	1053
131	155
131	201
131	1284
131	744
131	240
131	624
131	268
133	511
133	15
134	75
134	692
134	70
134	516
134	184
134	415
134	275
134	1479
134	2565
134	2588
134	122
134	34
134	82
134	3336
134	679
134	196
134	80
135	348
135	1748
135	609
135	393
136	3346
136	615
136	737
136	56
136	268
136	683
136	3344
136	1351
136	3341
139	1997
139	17
139	1094
139	337
139	1120
139	262
139	3156
139	270
139	616
139	3400
139	125
139	1661
139	3362
139	942
139	1720
139	315
139	339
139	3382
139	1407
139	21
139	3365
139	480
139	1734
139	3383
139	13
139	1480
139	930
139	3378
140	605
140	285
140	246
140	1334
140	478
140	3405
141	333
141	395
142	1014
142	2126
142	2079
143	479
143	895
143	901
143	16
143	243
143	28
147	215
147	760
147	1655
148	463
148	864
150	3422
150	1573
150	956
151	762
151	1681
151	684
151	1160
152	1398
152	1656
152	1868
153	828
153	795
153	3432
154	196
154	3437
154	616
155	3446
155	489
155	663
155	934
155	1887
155	3462
155	59
155	3414
155	2754
155	513
155	2639
155	941
155	70
155	933
155	1726
155	1720
155	651
155	2289
155	350
155	486
155	268
155	885
158	531
158	212
158	2527
158	373
159	151
159	342
159	1885
159	3485
159	27
159	2562
159	869
159	3496
159	3497
159	373
159	605
159	144
159	3330
159	174
159	3316
160	2658
160	895
161	613
161	394
161	371
163	616
163	187
163	75
164	54
164	484
164	478
165	3
165	654
165	112
165	61
165	491
165	58
165	1854
165	731
165	402
165	505
165	4
165	160
165	1042
165	769
166	742
166	368
166	2697
166	1258
166	987
166	64
166	758
166	888
167	681
167	713
167	1162
167	859
167	1283
167	1735
167	3518
167	1321
167	1172
168	361
168	3004
168	988
168	368
168	57
168	1771
168	2115
168	909
168	16
168	1509
168	3535
168	3433
168	1190
168	1514
168	1904
168	730
168	300
168	3525
168	3529
168	3169
168	3528
168	986
169	16
169	376
170	27
170	1216
170	1467
170	248
170	1753
170	2565
170	75
170	446
173	1463
173	384
173	347
175	460
175	1270
175	415
176	402
176	55
176	3613
176	151
176	329
176	405
176	1168
176	477
176	628
176	3570
176	3602
176	660
176	1689
176	514
176	1082
176	267
176	2093
176	3569
176	1008
176	2006
176	855
176	699
176	3612
176	1798
176	3572
176	2639
176	3588
176	478
176	1626
176	3603
176	1014
176	3606
176	659
176	3521
176	255
177	3625
177	744
177	4
177	571
177	479
177	3173
178	401
178	402
178	443
178	368
180	614
180	1270
180	422
181	3517
181	112
181	3723
181	3697
181	2700
181	2112
181	149
181	1422
181	1399
181	471
181	3727
181	3721
181	670
181	2678
181	329
181	3712
181	873
181	174
181	1194
181	1292
181	1476
181	1883
181	137
181	1118
181	51
181	2326
181	256
181	2324
181	70
181	2767
181	3673
181	3691
181	4
181	3733
181	1063
181	3656
181	295
181	350
181	462
181	742
181	525
181	1037
181	354
181	976
181	193
181	650
181	59
181	2562
181	2147
182	340
182	64
182	688
182	3739
183	3196
183	204
183	3766
183	1029
183	3759
183	2963
183	2258
183	3754
184	106
184	1284
184	3768
185	3771
185	3514
185	3795
185	711
185	971
185	712
185	2112
185	3786
185	1502
185	475
185	401
185	218
185	653
185	870
185	2578
185	462
185	3780
185	343
185	246
185	329
186	3815
186	168
186	3800
186	3803
186	1119
186	1928
186	1474
186	338
186	1273
186	1041
186	695
186	49
186	705
186	3811
186	703
186	155
186	339
186	1494
187	901
187	34
187	74
187	253
188	203
188	484
189	1303
189	741
189	1008
189	501
190	1200
190	1212
190	339
190	1292
190	402
190	3854
191	400
191	21
192	762
192	482
194	13
194	1265
194	879
194	91
194	625
194	254
194	3859
194	140
194	704
194	1277
194	153
195	2233
195	373
196	143
196	581
197	3870
197	476
197	512
197	178
197	54
197	715
197	1228
197	972
197	35
197	52
197	235
197	200
198	1096
198	3878
198	1123
198	497
198	22
198	3874
198	744
198	731
198	918
198	584
198	347
198	1242
198	1163
198	3140
198	1976
198	3439
199	764
199	536
199	2262
199	2038
199	2028
199	204
199	987
199	1459
199	415
199	3034
199	1393
199	139
199	246
199	1648
199	163
199	769
199	485
199	971
199	539
199	483
200	71
200	405
200	879
200	61
200	468
200	32
200	16
200	1099
200	104
201	35
201	1165
201	3902
201	1394
201	137
201	3912
201	3897
201	715
201	60
201	1297
201	123
201	2113
201	464
201	666
201	3445
201	94
201	1163
201	581
201	1116
201	1583
201	652
201	347
201	1749
201	100
201	3370
201	57
201	873
201	1734
202	2100
202	747
203	475
203	624
203	540
203	518
203	3916
203	204
204	16
204	492
205	2288
205	346
208	846
208	28
208	100
209	803
209	3951
209	3933
209	488
209	3940
209	777
209	492
209	810
209	476
209	2667
209	3953
210	1679
210	1681
210	803
210	747
210	670
210	1156
211	1682
211	3966
211	2955
211	75
211	828
211	176
211	991
211	796
211	776
211	3971
211	3961
211	571
212	1539
212	267
212	986
212	1860
212	794
214	484
214	1141
214	174
214	659
214	716
214	1399
215	84
215	3990
215	900
215	584
215	3658
215	1710
215	889
215	436
215	1887
216	1164
216	863
216	2306
216	859
216	3416
216	3458
216	711
216	3460
216	364
216	465
218	864
218	593
218	1772
218	675
218	647
218	1295
218	4001
218	1667
218	80
218	61
218	908
218	1777
218	259
218	200
218	150
218	4005
218	475
219	329
219	475
219	737
219	13
219	987
219	605
219	921
219	1646
219	2199
219	994
219	488
219	164
219	484
219	1147
220	256
220	1903
220	659
220	524
220	1560
220	55
220	182
220	163
220	671
220	651
220	280
220	665
220	469
220	3686
220	663
220	62
220	693
220	3647
220	276
220	2116
220	1056
220	2789
220	1559
220	1283
220	1921
221	1397
221	1790
221	65
221	805
221	810
221	3
221	1268
222	1647
222	1777
223	615
223	1352
223	585
223	1411
223	4050
224	1295
224	368
224	56
224	860
224	14
225	2697
225	1508
225	489
225	4057
225	715
225	1647
225	1904
225	484
225	730
225	1667
225	1674
225	986
225	80
225	10
225	30
225	31
225	1491
225	1445
225	176
225	473
225	288
225	1654
225	1096
225	2281
225	513
226	2866
226	541
226	742
226	1554
226	737
226	615
226	1777
226	201
227	648
227	623
228	609
228	512
228	462
228	237
229	518
229	4075
229	1780
230	71
230	616
231	4090
231	789
231	187
231	3594
231	794
231	1161
231	570
231	121
231	68
231	1302
231	3400
231	1235
231	2662
231	4087
231	773
231	678
231	2400
231	3368
231	937
231	1260
231	1126
231	473
232	2961
232	685
232	59
232	479
233	900
233	977
233	958
233	4095
233	97
233	1358
233	2681
233	48
233	600
233	56
234	571
234	402
234	237
234	28
235	1378
235	171
237	1952
237	1720
237	4112
238	50
238	958
238	61
238	1770
238	610
238	2061
238	462
238	1044
238	1235
238	1627
238	1171
238	777
238	1125
238	986
238	679
238	329
238	1367
238	468
238	3596
238	13
239	460
239	1336
239	382
239	401
239	438
239	1458
239	415
239	4128
240	4132
240	28
240	2829
240	4
240	823
242	334
242	571
242	4121
243	7
243	4012
243	1273
243	46
243	462
243	1704
245	571
245	2746
245	339
245	873
245	864
245	2282
245	4147
245	1682
245	1044
245	2036
245	1177
245	524
245	319
245	4150
245	2700
245	502
246	208
246	484
246	50
246	1680
246	823
246	477
246	299
246	698
246	35
247	4159
247	3947
248	1008
248	1839
248	32
248	638
248	823
248	777
248	2322
248	2830
248	4162
248	4177
248	1555
248	3742
248	688
248	579
248	525
248	2814
248	1646
248	86
248	500
248	1797
248	2073
248	1809
248	641
248	209
248	634
248	2474
248	1476
248	7
248	999
248	681
248	2715
248	1690
248	632
248	864
248	489
248	1845
248	80
248	1521
248	1648
248	2221
248	155
248	2031
248	492
248	4203
248	1314
248	836
248	704
248	2140
248	2155
248	354
248	75
249	74
249	4207
250	200
250	271
251	1028
251	427
251	1022
252	1065
252	762
252	2779
252	693
253	1554
253	741
253	3826
253	4
253	4215
253	1922
253	628
253	2190
253	4127
255	402
255	1079
255	992
255	1305
255	1469
255	647
255	1151
255	2771
255	545
255	817
255	638
255	556
255	531
257	57
257	402
259	4238
259	4230
259	4235
259	1582
259	1051
259	239
259	1042
259	927
259	1273
260	65
260	1688
260	139
262	1500
262	585
262	1759
262	347
262	322
262	737
262	123
262	247
262	318
262	933
262	580
262	3173
262	333
263	1779
263	373
263	0
264	4244
264	648
264	383
264	13
264	412
264	1490
264	30
265	1594
265	158
265	513
265	82
265	332
265	54
265	1297
265	860
265	2687
265	57
266	1411
266	571
266	68
266	373
266	1505
267	660
267	2744
267	140
267	296
267	155
267	299
269	350
269	334
271	828
271	836
272	354
272	513
272	343
272	571
273	137
273	0
273	51
273	2643
273	171
273	200
273	1891
273	774
273	1936
273	3884
273	165
273	513
273	1648
273	2112
273	700
273	168
273	601
273	704
273	487
273	3024
273	4247
273	4279
273	1667
273	28
273	1039
273	124
273	4293
273	1490
273	2623
273	629
273	1263
273	463
274	2998
274	1368
274	253
274	669
274	3678
274	655
274	648
274	3571
274	404
274	1391
274	3448
274	527
274	4297
274	4333
274	1965
274	1227
274	2273
274	340
274	4302
274	4305
274	58
274	152
274	311
274	1122
274	2158
274	858
274	62
274	663
274	2115
274	1224
275	462
275	413
275	1475
275	0
278	3959
278	1080
278	825
278	615
278	957
278	1822
278	56
278	760
279	475
279	4343
279	2818
279	782
279	19
279	235
279	252
279	2031
279	3215
279	97
279	4351
279	473
279	592
281	506
281	1420
281	112
281	123
281	1138
281	753
281	62
281	133
281	747
281	740
281	466
281	34
281	1853
281	1886
281	1334
281	1035
281	49
281	325
283	402
283	344
283	368
283	611
283	460
284	646
284	339
285	685
285	339
285	49
285	22
285	605
285	415
286	168
286	285
286	5
286	336
286	1637
287	1116
287	1725
287	1699
287	730
287	532
287	1661
287	1660
287	1352
287	354
287	933
287	143
287	4007
287	496
287	1953
287	153
287	1096
287	1275
287	466
287	481
287	2149
287	1390
287	4365
287	4376
287	545
287	26
287	2701
287	1361
287	7
289	200
289	1407
289	66
289	665
289	682
289	34
289	137
289	152
289	404
289	265
289	1092
289	1559
289	1391
289	664
289	62
289	1711
289	4315
289	262
289	858
289	607
289	253
289	1474
289	63
290	803
290	677
290	2139
291	162
291	560
291	635
291	518
291	1372
291	645
291	1107
291	2663
291	471
291	71
291	481
291	977
291	1500
291	3772
291	1301
291	61
291	73
291	1022
291	2239
293	888
293	176
293	1459
293	106
293	1202
293	874
293	111
293	1884
293	711
293	1494
293	2156
294	4
294	1047
294	1360
295	339
295	4421
296	84
296	572
297	675
297	1284
297	4168
297	681
297	2829
297	63
297	1055
297	73
299	208
299	139
299	163
300	4
300	332
300	654
300	350
300	769
300	269
301	20
301	335
302	192
302	139
302	890
303	340
303	7
303	4429
303	4430
303	1359
303	885
303	139
303	347
303	2622
303	116
303	647
303	242
303	3577
303	346
303	75
303	1115
304	697
304	2112
304	476
304	3222
304	3058
304	1165
304	1089
304	2955
304	1544
304	753
304	2610
304	1609
304	22
304	3756
304	1177
304	485
304	4468
304	1648
304	56
304	681
304	1723
304	1667
304	3464
304	540
304	2105
304	28
304	152
304	4479
304	815
304	2059
304	4472
304	480
304	4466
304	2061
304	1140
304	624
304	761
304	3265
304	285
304	1664
304	253
304	994
305	3115
305	4488
305	1836
306	5
306	4513
306	1149
306	4509
306	163
306	10
306	402
306	662
306	2281
306	3212
306	263
306	725
306	62
306	43
306	2661
306	4504
306	774
306	4514
306	1475
307	1597
307	3934
307	895
308	1737
308	4019
308	259
308	1758
308	4517
308	159
308	402
309	653
309	4525
309	4526
309	58
311	289
311	3233
311	174
311	1101
311	54
311	290
311	2767
311	4161
311	917
311	484
311	6
311	516
311	3571
311	16
312	4543
312	4541
312	1695
312	1582
312	132
312	186
312	578
312	27
312	95
312	4538
312	2576
312	4545
312	617
312	160
312	958
312	1759
312	4161
312	720
313	353
313	350
313	4125
316	1301
316	1325
316	4553
316	206
316	339
316	28
316	200
316	702
316	174
316	50
316	201
317	4631
317	482
317	4621
317	28
317	4072
317	4585
317	1269
317	4653
317	1175
317	1656
317	49
317	1426
317	354
317	1796
317	783
317	1586
317	1074
317	2323
317	2830
317	679
317	1002
317	677
317	2822
317	4614
317	3431
317	4570
317	2325
317	4642
317	4618
317	841
317	1192
317	87
317	4691
317	4569
317	4643
317	1683
317	1866
317	4673
317	3326
317	4628
317	4671
317	4562
317	1075
317	3195
317	4635
318	638
318	1022
318	204
320	375
320	407
320	586
321	373
321	86
321	584
321	347
322	344
322	56
324	3353
324	2637
324	56
324	679
324	4699
324	2587
324	3983
324	3003
324	1115
324	581
324	3711
324	703
324	885
324	265
324	655
324	51
325	749
325	1176
325	812
325	2207
325	4714
325	4720
325	637
325	1063
325	4716
325	1298
325	747
326	653
326	16
326	203
327	901
327	769
327	678
327	3
327	269
327	900
327	1044
327	50
327	342
327	163
329	703
329	168
329	1664
329	1220
329	158
329	900
329	737
329	272
329	670
329	322
329	63
329	71
329	53
329	26
330	773
330	501
330	478
330	1123
330	541
330	1313
330	2880
330	2667
330	556
331	59
331	671
331	3473
331	3804
331	4731
331	1166
331	1248
331	540
331	201
331	1235
331	256
331	2149
333	413
333	299
333	742
333	301
334	56
334	139
335	510
335	28
335	100
335	615
335	581
336	3421
336	4122
336	1548
336	611
336	1206
336	608
338	1819
338	2783
338	4090
338	1177
338	1539
338	2207
338	16
338	707
338	422
338	2709
338	2904
338	1674
338	757
338	1124
338	84
338	2822
338	658
338	2287
338	637
338	2892
338	155
338	1778
338	21
338	1214
338	4746
338	402
339	511
339	710
340	819
340	1151
340	3038
342	155
342	84
342	58
342	673
343	695
343	174
343	482
343	4760
344	3578
344	300
344	4762
344	1242
345	3805
345	1881
345	2610
345	4768
345	253
345	2602
345	1566
345	49
345	2757
346	585
346	405
347	3145
347	1241
347	469
347	663
347	402
348	413
348	26
350	798
350	782
350	547
350	4338
350	163
350	212
350	4779
351	545
351	56
351	1822
351	3221
351	13
351	626
351	2821
351	124
351	1829
351	1140
351	203
351	635
351	1016
351	58
351	616
351	814
351	578
351	629
352	460
352	0
352	14
352	4126
353	864
353	2231
353	1043
353	1589
353	309
353	466
353	16
353	324
353	598
353	373
353	2820
353	1894
354	3995
354	719
355	32
355	25
355	3490
355	1929
355	598
355	59
355	747
355	19
355	4007
355	1897
355	3024
355	153
355	1076
355	989
355	659
355	64
355	20
355	4795
355	2073
356	6
356	317
356	4798
356	4797
356	444
356	591
356	55
356	1313
356	1552
356	900
356	531
356	3686
356	284
356	511
356	471
356	271
356	1275
356	61
356	480
356	62
356	899
356	246
356	297
356	4800
357	1782
357	1308
358	322
358	716
358	28
360	2663
360	990
360	1781
361	124
361	339
361	349
361	6
361	1327
361	4010
361	686
361	1045
361	4746
361	615
363	48
363	1347
364	991
364	3045
364	1809
364	3026
364	1788
365	204
365	987
366	4829
366	1190
366	0
366	70
366	251
366	1597
366	3528
366	1424
366	2329
366	196
366	3846
366	4321
366	585
367	2
367	1275
367	65
367	86
367	1053
367	1850
367	300
367	299
368	1671
368	1475
368	605
368	1654
369	339
369	1146
369	860
369	163
370	1371
370	666
370	197
370	128
371	267
371	339
371	415
371	1202
371	1275
371	349
371	4386
371	2308
371	685
371	1163
371	420
372	349
372	383
372	237
372	436
373	1881
373	1445
374	1147
374	56
375	153
375	1401
375	112
375	878
375	186
375	1179
375	1275
375	651
375	1071
375	1358
376	4847
376	111
376	1876
376	1580
376	373
376	4861
376	464
376	225
377	1681
377	471
377	62
379	72
379	1667
379	4912
379	1911
379	994
379	965
379	4929
379	460
379	18
379	0
379	48
379	2658
379	4911
379	1612
379	4883
379	991
379	2780
379	339
379	3499
379	415
379	4914
379	1822
379	2610
379	120
379	676
379	2231
379	841
379	811
379	864
379	1289
379	151
379	2625
379	492
379	775
379	2252
379	272
379	732
379	813
379	139
379	829
379	83
379	4942
379	964
379	463
379	2096
379	807
379	122
379	472
379	1774
379	2800
379	3773
379	119
379	1936
379	158
379	168
379	662
379	100
379	551
379	1640
379	1273
379	851
379	1038
379	968
379	2251
379	414
379	4920
379	49
380	666
380	601
380	1003
380	2806
380	861
380	149
380	3596
380	1300
380	97
380	1065
380	1779
380	3526
380	790
380	4903
380	433
380	1539
380	631
380	1647
380	285
380	744
380	55
380	1554
381	2258
381	235
381	1798
381	554
381	268
381	528
381	670
381	1825
381	1555
381	1684
381	339
382	855
382	299
383	339
383	4954
383	298
384	4956
384	71
384	443
384	1583
384	1201
384	2753
384	74
384	685
386	1504
386	655
386	3876
386	68
386	1067
386	1719
386	3
386	3495
386	3516
386	540
386	4980
386	1586
386	676
386	3884
386	1645
386	13
386	84
386	1274
386	653
386	4999
386	4987
386	662
386	44
386	1054
386	4971
386	1580
386	647
386	4028
386	3838
386	3997
386	3438
388	350
388	361
388	13
389	2036
389	6
389	1079
389	5009
389	2806
390	3903
390	681
390	1266
390	1039
390	1241
390	1730
390	2
390	615
390	703
390	271
390	53
390	3464
390	4
390	4539
390	2686
390	1597
390	1587
390	163
390	5020
390	921
390	427
390	5014
390	326
390	253
392	556
392	795
392	1793
392	168
392	760
392	5026
392	1235
392	59
396	1069
396	2177
397	45
397	5030
397	203
397	5029
398	28
398	487
399	492
399	30
399	1554
399	1029
400	501
400	1315
401	1771
401	415
401	1704
402	124
402	62
403	1448
403	361
404	163
404	1039
404	748
404	111
404	86
404	655
404	65
404	740
404	4023
407	497
407	1411
407	3185
407	676
407	638
407	3194
407	300
407	61
407	731
407	80
408	135
408	1622
408	1715
408	28
408	268
408	261
408	1494
408	155
409	463
409	1890
409	1
409	3861
409	1708
409	311
409	4060
409	4010
409	5055
409	1851
409	2752
409	2118
409	1054
410	344
410	16
410	2719
410	1294
410	1218
411	1297
411	233
411	3443
411	3450
411	155
411	660
411	30
412	473
412	1680
412	100
412	1682
412	443
413	617
413	622
413	487
413	4878
413	325
413	3503
413	803
413	584
413	608
413	1900
413	1123
413	370
413	2150
413	5090
413	637
413	4796
413	480
413	773
413	545
413	4017
413	761
413	1372
413	717
413	332
413	453
413	1438
413	5156
413	2728
413	3887
413	215
413	1053
413	541
413	5082
413	271
413	4828
413	2110
413	465
413	153
413	718
413	2192
413	484
413	462
413	2600
413	470
413	1282
413	947
413	515
413	1200
413	1150
413	1253
413	5148
413	5098
413	4442
413	4419
413	4754
413	790
413	1233
413	64
413	73
413	626
413	264
413	2216
413	1611
413	3673
413	42
413	1124
413	3367
413	1420
413	5219
413	1779
413	3466
413	5199
413	1406
413	3484
413	3373
413	5187
413	5210
413	1230
413	5166
413	2108
413	846
413	313
413	255
413	436
413	3341
413	94
413	819
413	3761
413	1682
413	629
413	140
413	1078
413	3003
413	1035
413	473
413	2134
413	5117
413	881
413	4166
413	63
413	1146
413	1073
413	4701
413	2880
413	1910
413	5135
413	968
413	5142
413	4200
413	1896
413	605
413	2086
413	633
413	2159
413	5081
413	21
413	1121
413	5096
413	119
413	1906
413	1547
413	440
413	4435
414	339
414	4
414	139
414	30
414	514
414	259
414	211
415	1077
415	331
416	86
416	825
416	675
416	213
416	1149
417	16
417	709
417	59
417	1042
417	55
417	174
418	100
418	2207
418	628
418	615
418	163
418	1301
418	2226
418	3918
418	1098
418	5234
419	2308
419	991
419	1264
419	1172
419	2563
419	463
419	16
419	1302
420	267
420	1885
420	256
421	1165
421	3794
421	270
421	2118
421	660
423	3223
423	1034
423	1671
423	825
423	1057
423	91
424	501
424	511
424	22
424	149
424	1778
424	3
424	136
424	5102
424	864
424	605
424	2036
425	1655
425	21
425	16
425	314
425	475
426	1125
426	731
426	349
427	671
427	3826
427	513
427	1070
428	7
428	460
428	378
428	26
429	488
429	286
429	2320
431	743
431	624
431	2781
431	1680
431	986
431	509
431	1142
431	187
431	733
431	676
431	580
431	5258
431	1877
431	5264
433	478
433	501
433	201
433	2707
433	685
433	28
433	22
433	55
433	704
433	56
433	648
433	1159
433	59
434	698
434	592
434	10
434	654
435	373
435	849
435	390
436	232
436	70
436	396
436	659
436	3852
436	611
436	429
437	5120
437	1263
437	144
437	200
437	1190
437	688
437	2265
437	4077
437	955
437	622
437	317
437	347
437	583
437	1920
437	70
437	5277
437	2226
437	499
437	27
437	473
437	24
437	601
438	2865
438	68
439	2149
439	63
440	28
440	1508
440	50
440	641
441	339
441	13
441	5197
442	409
442	22
442	3
443	4129
443	20
443	1143
443	208
444	28
444	462
444	367
445	343
445	1343
445	422
445	21
445	433
446	34
446	29
446	50
446	592
446	4192
446	1725
446	624
446	1357
446	950
446	1969
446	1540
446	85
446	907
446	467
446	1810
446	5292
446	5318
446	5060
446	5290
446	1674
446	642
446	5309
446	5296
446	900
446	273
446	3973
446	339
446	3011
446	190
446	885
446	1821
446	1125
446	4331
446	4329
446	3526
446	5315
446	1953
446	2654
446	683
446	2712
446	340
446	704
446	166
446	5319
446	3515
447	4
447	163
448	462
448	59
448	890
448	3673
449	451
449	369
450	1891
450	6
450	963
450	155
450	191
450	958
450	1252
450	1484
450	300
450	2003
450	186
450	30
450	125
450	4401
450	615
450	84
450	688
450	4329
450	601
451	479
451	5339
451	1123
451	333
451	937
451	50
451	339
451	149
451	1194
451	3
451	320
451	615
451	1060
451	670
451	150
451	1265
451	82
451	325
451	5274
451	671
451	1235
451	480
451	2016
452	1175
452	5346
453	415
453	407
454	1877
454	444
454	445
455	57
455	13
456	420
456	955
456	20
456	344
457	483
457	545
458	293
458	1141
458	1664
458	1656
458	187
458	478
459	62
459	174
460	4803
460	1172
460	1274
460	4031
460	1976
460	2074
460	660
460	484
460	858
460	5389
460	233
460	285
460	5392
460	3614
460	73
460	5366
460	5369
460	2120
460	5197
460	663
460	5400
461	1463
461	601
462	1896
462	124
462	682
462	349
462	484
462	1365
462	789
462	402
463	84
463	165
463	60
463	3143
463	16
463	192
463	20
463	139
463	660
463	578
464	478
464	196
464	1315
464	999
464	479
464	743
464	638
467	2116
467	1723
467	1390
467	3464
467	681
467	1761
467	26
467	290
467	1104
467	254
467	466
467	2719
467	274
467	621
467	2143
467	416
467	1351
467	1111
467	218
467	685
467	70
467	86
467	900
467	706
467	4243
467	864
467	2626
468	2288
468	413
468	396
469	677
469	742
470	3494
470	615
471	4146
471	742
472	2748
472	1111
472	650
472	2684
472	2145
472	469
472	5430
472	106
472	4784
472	4378
472	2056
472	1165
472	4320
472	5076
472	628
472	5500
472	2562
472	5372
472	3897
472	5469
472	901
472	255
472	2196
472	4995
472	908
472	2309
472	318
472	3777
472	5542
472	5420
472	1099
472	55
472	4023
472	5498
472	1898
472	1297
472	487
472	5495
472	5478
472	1908
472	1655
472	1485
472	104
472	1747
472	1103
472	12
472	656
472	3580
472	2608
472	2049
472	2108
472	5539
472	243
472	5165
472	2029
472	329
472	171
472	1041
472	692
472	4208
472	939
472	2172
472	2154
472	3819
472	2324
472	4573
472	4230
472	903
472	986
472	5532
472	2328
472	343
472	3726
472	284
472	5503
472	3842
472	246
472	4502
472	1036
473	496
473	3222
473	958
473	1655
473	805
473	482
473	1003
473	982
473	1151
473	5545
473	1771
473	1186
473	552
473	1185
474	354
474	611
474	344
474	333
475	3031
475	404
475	1076
475	308
475	333
475	742
475	97
475	697
475	1627
475	775
475	3470
475	1042
475	1920
475	466
475	1041
475	628
475	21
475	1648
475	2003
475	1569
475	98
475	153
475	136
475	2285
475	438
475	4909
475	2824
475	3823
475	664
475	5567
475	5424
475	654
475	5554
475	70
475	5557
475	4504
475	670
475	1163
477	298
477	251
477	2679
477	58
477	1112
477	296
477	5570
477	297
478	4007
478	349
478	1645
478	21
478	128
478	5576
478	187
478	656
478	1265
478	133
478	2281
478	685
478	485
478	1312
478	1897
478	715
478	129
478	2115
478	1302
478	1284
478	1600
478	1103
478	196
478	2701
478	626
478	754
478	671
478	100
478	2229
478	163
478	68
480	749
480	501
480	2226
480	82
480	462
480	3920
480	1704
481	1258
481	1316
481	997
481	69
481	2802
481	1380
481	98
481	344
481	2792
481	295
481	1498
481	185
481	2603
481	2800
481	2103
481	699
481	1982
481	208
481	1647
481	5605
481	256
481	5599
481	0
481	1042
481	1047
481	1078
481	677
481	201
481	684
481	3600
481	5609
481	694
481	620
481	2111
481	402
481	4162
481	1463
481	21
482	2266
482	246
482	413
482	5619
482	1770
482	1235
482	5629
482	5617
482	170
482	436
482	1093
482	1226
482	5618
482	584
482	1506
482	1164
482	262
482	468
483	460
483	955
484	608
484	27
484	1448
484	332
485	501
485	1043
486	1711
486	986
486	334
486	2683
486	200
486	653
486	1697
487	1313
487	3004
487	1043
487	1758
487	5631
487	5637
487	1708
487	1152
487	670
487	1988
487	208
487	481
487	3647
487	647
487	319
487	269
487	58
487	2132
487	137
487	2310
488	1284
488	2074
488	693
489	18
489	1328
489	2120
489	559
489	474
490	687
490	457
490	2627
490	5004
490	3487
490	1479
490	3421
491	2586
491	616
491	5656
491	4875
492	75
492	13
493	544
493	1008
493	22
493	796
493	1359
493	1036
493	639
493	493
493	1894
493	3533
493	1807
493	5658
493	782
493	163
493	207
493	402
493	1856
493	1806
493	1043
495	59
495	646
495	163
496	368
496	21
497	2589
497	1849
498	1242
498	13
498	138
498	16
498	963
500	517
500	261
501	62
501	1857
501	615
501	464
502	325
502	479
502	1952
502	741
502	247
502	322
503	2610
503	899
507	5674
507	1689
507	4492
507	5669
507	596
507	673
507	1858
507	2091
507	2085
508	5
508	739
509	492
509	812
509	1334
509	3981
510	375
510	511
510	433
511	258
511	373
512	1072
512	153
512	1407
512	1424
512	5679
512	50
512	1884
512	679
512	889
512	155
512	413
512	724
512	84
512	71
512	918
512	265
512	879
512	100
512	549
513	402
513	1085
513	163
515	941
515	908
515	343
515	545
515	413
515	1159
515	3216
515	394
517	550
517	493
518	139
518	168
518	75
518	1502
518	86
518	722
518	677
518	1248
518	5692
518	1771
518	892
518	1420
519	30
519	356
520	1178
520	4168
520	795
520	1863
520	489
520	700
520	2857
520	246
520	616
520	6
520	684
520	763
520	823
521	930
521	742
521	174
521	413
521	1659
521	837
521	554
522	60
522	571
522	0
522	56
522	72
522	684
523	1552
523	1313
523	2866
523	2136
523	823
523	165
523	1099
523	666
523	471
523	2950
523	670
523	4
523	1150
523	761
523	1146
523	849
523	201
523	1302
523	585
523	402
523	1070
524	552
524	87
524	671
524	175
524	742
525	34
525	5715
525	711
525	110
525	151
525	2633
525	28
525	1097
525	48
525	5718
525	13
525	859
525	1887
525	862
526	679
526	551
526	1806
526	1113
528	422
528	420
530	646
530	28
530	63
530	580
531	2251
531	2260
531	1275
532	1648
532	1682
532	2273
532	1000
532	5749
532	1079
532	599
532	58
532	185
532	16
532	5726
532	5045
532	112
532	4438
532	778
532	1771
532	344
532	508
532	1289
532	71
532	1235
532	162
532	796
532	679
532	991
532	4181
532	118
532	803
532	329
532	3050
532	1684
532	1483
532	5738
534	430
534	1294
535	637
535	485
535	484
536	1463
536	935
536	630
537	778
537	1236
538	489
538	571
538	100
539	342
539	416
539	15
539	16
540	737
540	59
540	314
540	1077
540	480
540	988
541	343
541	460
541	958
541	976
541	5763
541	2840
541	1147
542	462
542	1712
544	155
544	5783
544	5780
546	5788
546	690
548	204
548	139
549	1554
549	1149
549	508
549	647
549	1528
549	3965
549	16
549	1125
549	125
550	35
550	471
550	55
550	139
550	1124
550	342
551	702
551	339
551	1284
551	1254
551	1769
551	5226
552	962
552	44
552	906
552	1292
552	53
552	155
552	34
553	58
553	5800
553	3330
553	20
553	1489
553	1614
553	100
553	1952
553	2115
553	1101
553	2674
553	1532
553	3155
553	120
553	1047
553	885
553	4414
553	4874
553	59
553	572
553	5811
553	6
553	1509
553	1188
553	1
553	679
553	1110
554	1683
554	329
554	4915
555	373
555	139
556	477
556	1514
556	1509
556	53
557	237
557	367
557	1291
557	21
558	5833
558	4717
558	339
558	958
558	1154
558	61
558	655
558	2136
558	939
558	760
558	299
558	2132
558	58
558	626
558	75
558	666
558	3239
558	492
558	641
558	1902
558	700
559	400
559	2100
559	2
559	3972
559	3261
559	1801
559	72
559	601
559	151
559	641
559	121
559	717
559	136
559	1126
559	2106
559	300
559	759
559	688
560	1159
560	163
560	4221
560	102
560	741
560	96
560	57
560	4176
560	204
560	788
560	770
560	3535
560	715
560	16
560	68
560	2115
560	860
561	5817
561	1275
561	5851
561	34
561	246
562	188
562	550
562	3217
562	1671
562	1180
562	71
562	815
563	1265
563	339
564	1199
564	422
564	4
564	7
565	3954
565	5203
565	5861
565	1315
566	1616
566	76
568	402
568	434
568	139
568	155
568	466
568	475
569	5867
569	5866
570	1726
570	20
570	654
570	646
570	449
570	3843
570	1352
570	5868
570	55
570	615
570	1163
570	471
571	150
571	1682
571	627
571	112
571	495
571	1078
571	300
571	2665
571	4435
571	763
571	802
571	518
571	1009
571	678
571	1778
571	460
571	2208
571	55
571	2
571	13
571	1073
571	489
571	1800
571	0
571	203
572	6
572	396
575	22
575	64
575	1071
575	1493
575	1092
575	5714
575	270
575	686
576	5882
576	5880
577	343
577	434
577	109
577	873
577	177
578	748
578	62
578	769
578	1276
578	2818
578	1476
578	155
578	3727
578	3
578	1713
578	470
578	1627
578	1251
578	187
578	2655
578	50
578	86
578	571
578	151
578	349
578	704
578	2157
579	475
579	163
579	552
580	638
580	206
580	551
580	203
581	3058
581	595
582	1199
582	413
582	246
582	374
582	1270
582	382
583	683
583	1397
583	773
583	513
583	124
584	545
584	2736
584	246
584	1825
584	823
584	830
584	1802
584	885
584	4156
584	1359
584	2258
584	1019
584	557
584	3197
584	4515
584	1704
584	3121
584	25
585	710
585	5901
585	885
585	3446
585	1381
585	712
585	914
585	133
585	277
585	1484
585	1202
585	471
585	2722
585	1752
586	28
586	402
587	433
587	404
587	512
588	343
588	1589
588	4023
588	0
588	715
588	1681
588	719
588	203
588	1310
588	479
588	206
588	685
588	1080
588	25
588	1737
588	5907
588	492
588	1559
588	3686
588	1714
588	545
588	250
588	464
588	514
588	712
589	143
589	298
590	27
590	25
590	2566
590	1270
590	20
591	249
591	484
591	187
591	492
592	595
592	513
592	532
592	4434
592	269
592	873
592	961
592	3406
592	946
592	401
592	196
592	537
592	5939
592	1211
592	585
592	350
592	534
592	21
593	655
593	613
594	1171
594	1143
594	648
594	2023
594	585
594	5955
594	1320
594	905
594	900
594	260
594	215
594	2258
594	71
594	3418
594	1828
595	512
595	574
595	660
595	2111
595	2568
595	575
595	709
595	129
595	3649
595	571
595	684
595	4391
595	618
595	3641
595	70
595	1581
595	5016
595	277
595	166
595	128
595	1583
595	1372
595	1189
595	241
595	395
595	122
595	5078
595	96
595	119
595	462
595	3880
595	234
597	5984
597	1737
597	192
597	650
597	5981
597	149
597	2999
597	1055
597	1494
597	402
597	699
597	735
597	2562
597	709
597	1041
597	160
597	515
597	70
597	464
598	1890
598	35
598	1900
598	593
598	354
598	4315
598	1928
598	524
598	339
598	881
598	860
598	16
598	3571
598	2150
598	2011
598	1077
598	1189
598	744
598	3331
599	670
599	3120
599	4456
599	1840
599	716
599	678
599	5999
599	677
599	580
599	468
600	12
600	1265
600	2289
600	7
600	243
601	3503
601	3560
601	5551
601	6061
601	128
601	1350
601	70
601	3903
601	1056
601	5352
601	257
601	6014
601	175
601	2149
601	1502
601	6068
601	3140
601	159
601	1211
601	1049
601	1713
601	187
601	309
601	1223
601	585
601	5117
601	3986
601	292
601	4248
601	1062
601	4387
601	3451
601	2154
601	4958
601	3341
601	6069
601	2752
601	6055
601	5760
601	719
601	2314
601	1405
601	3779
601	87
601	319
601	378
601	332
601	682
601	4390
601	4230
601	654
601	315
601	1097
601	2311
601	856
601	2143
602	646
602	1293
602	1459
602	6070
603	2626
603	2691
603	452
603	3882
603	739
604	168
604	1106
604	2786
604	873
604	962
604	6119
604	2306
604	2294
604	685
604	666
604	1696
604	5427
604	3823
604	2161
604	5542
604	3637
604	1514
604	163
604	855
604	688
604	1900
604	3551
604	1889
604	525
604	6170
604	1428
604	932
604	6083
604	3842
604	307
604	1644
604	1980
604	2155
604	629
604	6134
604	1971
604	256
604	3586
604	1859
604	1903
604	1584
604	6131
604	4131
604	1198
604	3490
604	1902
604	6094
604	680
604	1256
604	2747
604	694
604	5829
604	1297
604	6115
604	6089
604	6139
604	22
604	5490
604	5368
604	3653
604	404
605	583
605	571
605	3354
605	177
605	465
605	1170
605	172
605	139
605	1729
605	1218
605	1278
606	4079
606	1400
606	152
606	891
606	720
606	2233
606	196
606	2275
606	475
606	1616
606	1667
606	497
606	6197
606	1956
606	1552
606	489
606	2688
606	1405
606	3494
606	4272
606	601
606	1143
606	1043
606	1898
606	2019
606	568
606	491
606	155
608	740
608	5275
608	1821
608	1284
608	5746
608	51
608	2861
608	6259
608	3250
608	3959
608	5208
608	6279
608	1525
608	4500
608	4192
608	484
608	187
608	3176
608	369
608	6219
608	1151
608	4877
608	6231
608	556
608	158
608	3466
608	6266
608	186
608	4281
608	719
608	6250
608	3265
608	482
608	5527
608	95
608	6289
608	6258
608	1073
608	2707
608	349
608	3272
608	628
608	1147
608	1175
608	3839
608	6229
608	203
608	6272
608	1680
608	35
608	6293
608	11
608	235
608	1699
608	4146
608	1184
608	767
608	6
608	6295
608	4550
608	2642
